question,answer
"Check your rearview mirrors:
 
Often to see how traffic is moving behind you.

To see if a vehicle is in your blind spot.

Only when you are slowing down.Often to see how traffic is moving behind you.",Often to see how traffic is moving behind you.
"In which of the following scenarios should your wheels not be pointed straight ahead?
 
When waiting to make a left turn at a traffic light.

When parked on a hill or sloping driveway.

When parked on the side of a level roadway where there is no curb.When parked on a hill or sloping driveway.",When parked on a hill or sloping driveway.
"You want to park uphill on a two-way road and there is no curb. Which direction do you turn your front wheels?
 
Straight ahead

Right, toward the side of the road

Left, toward the center of the roadRight, toward the side of the road","Right, toward the side of the road"
"If you are convicted of driving with an excessive blood alcohol concentration (BAC), you may be sentenced to serve:
 
Up to six months in jail.

Up to 12 months in jail.

No jail time, but you must pay a fine of $500.Up to six months in jail.",Up to six months in jail.
"It is illegal to leave a child age six or younger unattended in a vehicle on a hot day:
 
Even if they are secured in a child passenger restraint system.

If they are supervised by a person twelve years of age or older.

Only if the key is in the ignition.Even if they are secured in a child passenger restraint system.",Even if they are secured in a child passenger restraint system.
"Alcohol is:

A stimulant.

An antihistamine.

A depressant.Depressant",Depressant
"An orange and red triangular sign on a vehicle always means:

The vehicle has the right-of-way.

Slow-moving vehicle.

Shoulder work ahead.Slow-moving vehicle.",Slow-moving vehicle.
"You may drive a motor vehicle in a bike lane:
 
If you drive more slowly than 15 mph.

No more than 200 feet before making a right turn.

Whenever bicyclists are not present.No more than 200 feet before making a right turn.",No more than 200 feet before making a right turn.
"The speed limit in any alley is:
 
20 mph.

15 mph.

25 mph.15 mph.",15 mph.
"You may make a left turn on a red light only from a:
 
One-way street onto a two-way street.

One-way street onto a one-way street.

Two-way street onto a one-way street.One-way street onto a one-way street.",One-way street onto a one-way street.
"You are getting ready to make a right turn. You should:
 
Signal and turn immediately.

Stop before entering the right lane and let all other traffic go first.

Slow down or stop, if necessary, and then make the turn.Slow down or stop, if necessary, and then make the turn.","Slow down or stop, if necessary, and then make the turn."
"When stopped at a red traffic light with a green arrow, you may proceed in the direction of the arrow if you:
 
First come to a complete stop.

Wait until the light changes.

Are in the proper lane and the intersection is clear.Are in the proper lane and the intersection is clear.",Are in the proper lane and the intersection is clear.
"California's ""Basic Speed Law"" says:
 
You should never drive faster than posted speed limits.

You should never drive faster than is safe for current conditions.

The maximum speed limit in California is 70 mph on certain freeways.You should never drive faster than is safe for current conditions.",You should never drive faster than is safe for current conditions.
"If you have a sudden tire blowout:
 
Use the brakes lightly.

Pump the brakes.

Apply the brakes firmly.Use the brakes lightly.",Use the brakes lightly.
"Blocking an intersection during ""rush hour"" traffic is not permitted:
 
Unless you entered the intersection on a green light.

Under any circumstances, even if your light is green.

Unless you have the right-of-way or a green light.Under any circumstances, even if your light is green.","Under any circumstances, even if your light is green."
"When you see a NEV ROUTE sign, you should watch out for:

a Nevada law enforcement officer.

slow-moving vehicles in the roadway.

animal-drawn vehicles.slow-moving vehicles in the roadway.",slow-moving vehicles in the roadway.
"To make a right turn onto a two-way street from a two-way street, start in the right-hand lane and end in:

any lane that is available.

the left lane.

the lane closest to the curbthe lane closest to the curb",the lane closest to the curb
"It is a very windy day. You are driving and a dust storm blows across the freeway reducing your visibility. You should drive slower and turn on your:

Interior lights.

Headlights.

Parking lights.Headlights.",Headlights.
"What is the first thing to do when you make a three-point turn?

Signal with your left turn signal, then check carefully for traffic coming toward you.

Turn left, go across the road so you come to a stop while you face the edge of the road.

Signal with your right turn signal, then pull over to the right and stopSignal with your right turn signal, then pull over to the right and stop","Signal with your right turn signal, then pull over to the right and stop"
"You must stop at the intersection ahead. Just before the intersection, you have to cross railroad tracks. You should stop before you cross the railroad tracks when:

you don't have room to completely cross the tracks.

the crossing is located in a city or town with frequent train traffic.

you transport two or more children in a passenger vehicle.you don't have room to completely cross the tracks.",you don't have room to completely cross the tracks.
"When parking on a public road, drivers should:

move as far away from traffic as possible.

always park on the left side of the roadway.

All of the above.move as far away from traffic as possible.",move as far away from traffic as possible.
"What should drivers do in case of a brake failure?

Tie a white cloth on the left door handle.

Brake lightly.

Shift to a lower gear.Shift to a lower gear.",Shift to a lower gear.
"The ""three-second rule"" applies to the space ______ of your vehicle.

to the sides

ahead

in the backahead",ahead
"When driving on a slippery surface such as snow or ice:

pump your brakes to keep them from freezing.

shift to a low gear before going down steep hills.

maintain traction by following other vehicles closely.shift to a low gear before going down steep hills.",shift to a low gear before going down steep hills.
"A driver cuts off another vehicle, or threatens another motorist or a pedestrian. These are examples of:

excessive driving

defensive driving

road rageroad rage",road rage
"You are approaching an intersection. The traffic signal light is flashing red. What should you do?

Cautiously continue driving through the intersection.

Stop before entering. Wait for the green light before proceeding.

Stop before entering, then proceed when safe.Stop before entering, then proceed when safe","Stop before entering, then proceed when safe"
"Parking is never permitted:

in a crosshatched (diagonal) pattern space.

in a bicycle lane, unless otherwise posted.

twenty feet from a railroad track.in a crosshatched (diagonal) pattern space.",in a crosshatched (diagonal) pattern space.
"You see a vehicle approaching from the rear. When you check your mirror again to change lanes, you no longer see the vehicle. You should:

turn your signal on and change lanes slowly.

look over your shoulder to be sure the vehicle isn't in your blind spot.

check your outside mirror to see if the vehicle is in your blind spot.look over your shoulder to be sure the vehicle isn't in your blind spot.",look over your shoulder to be sure the vehicle isn't in your blind spot.
"You are involved in a minor collision at an intersection. There are no injuries and very little vehicle damage. You should:

Leave your vehicle in the traffic lane until law enforcement arrives.

Move your vehicle out of the traffic lane, if possible.

Not move your vehicle for any reasons.Move your vehicle out of the traffic lane, if possible.","Move your vehicle out of the traffic lane, if possible."
"If you are leaving a parking lot, you:

must turn either left or right only when it is safe.

have the right-of-way.

must yield to traffic before re-entering the roadmust yield to traffic before re-entering the road",must yield to traffic before re-entering the road
"When parking your vehicle on any hill:

your front wheels should be parallel to the road if there is no curb.

use your parking brake and leave the vehicle in gear or ""park"".

one of your rear wheels should touch the curb.use your parking brake and leave the vehicle in gear or ""park"".","use your parking brake and leave the vehicle in gear or ""park""."
"U-turns in business districts are:

legal whenever oncoming vehicles are not a hazard.

legal only at intersections, unless a sign prohibits them.

always illegal.legal only at intersections, unless a sign prohibits them.","legal only at intersections, unless a sign prohibits them."
"What is the maximum speed limit on two-lane undivided highways, unless otherwise posted?
45 MPH
65 MPH
55 MPH55 MPH",55 MPH
"When parking next to a curb, you should use your turn signals:

when pulling next to or away from the curb.

when pulling next to, but not away from the curb.

only when pulling away from the curb.when pulling next to or away from the curb.",when pulling next to or away from the curb.
"A vehicle that enters a road from a driveway:
has the right-of-way.

must stop and yield the right-of-way to traffic on the roadway and to pedestrians.

must yield to traffic approaching from the right, while it has the right-of-way over vehicles approaching from the left.must stop and yield the right-of-way to traffic on the roadway and to pedestrians.",must stop and yield the right-of-way to traffic on the roadway and to pedestrians.
"Which child requires a child restraint system?

A six-year old who is 4 feet 10 inches tall

A seven-year old who is 4 feet 7 inches tall

An eight-year old who is 4 feet 9 inches tallA seven-year old who is 4 feet 7 inches tall",A seven-year old who is 4 feet 7 inches tall
"You want to turn left at an intersection ahead. A car reaches the intersection from the opposite direction and moves straight ahead. You:

must wait for the car to go through before you turn.

may not enter the intersection to prepare for your left turn if the light is green.

can turn left. You have the right of way.must wait for the car to go through before you turn.",must wait for the car to go through before you turn.
"When following a motorcycle, drivers must remember that motorcycles can ____________ than other vehicles.

accelerate much faster

stop much more quickly

stop much more slowlystop much more quickly",stop much more quickly
"If you drive at the posted speed limit, you can be given a speeding ticket:

under no circumstances.

if you are carrying more than one passenger.

if road or weather conditions require a slower speed.if road or weather conditions require a slower speed.",if road or weather conditions require a slower speed.
"You are entering a roundabout with multiple lanes, and you need to turn right at the intersection. You must:

choose either lane, and exit in the lane you entered.

choose the right-hand lane and exit in the right-hand lane.

choose the left-hand lane and exit.choose the right-hand lane and exit in the right-hand lane.",choose the right-hand lane and exit in the right-hand lane.
"Which of the following roadways freezes first when wet?
Tunnels

Intersections

Bridges and over-passesBridges and over-passes",Bridges and over-passes
"Which way should your front wheels be turned when parked uphill next to a curb?

Toward the curb.

Parallel to the curb.

Away from the curb.Away from the curb.",Away from the curb.
"You are entering a roundabout with multiple lanes, and you need to go straight through the intersection. You must:

choose either lane, and exit in the lane you entered.

choose the right-hand lane and exit in the right-hand lane.

choose the left-hand lane and exit.choose either lane, and exit in the lane you entered.","choose either lane, and exit in the lane you entered."
"If an oncoming vehicle has started to turn left in front of you:

maintain your speed and take your right of way.

honk your horn to warn the driver and maintain your speed.

slow or stop to prevent a collision.slow or stop to prevent a collision.",slow or stop to prevent a collision.
"What happens if two vehicles reach at the same time an intersection with four-way stop signs?

The driver on the right yields to the driver on the left.

The driver on the left yields to the driver on the right.

The first vehicle to reach the intersection must yield.The driver on the left yields to the driver on the right.",The driver on the left yields to the driver on the right.
"The first sign drivers see when approaching a highway-rail intersection is usually:

a crossbuck sign.

a speed limit sign.

an advance warning sign.an advance warning sign.",an advance warning sign.
"You should allow more space in front of your vehicle when following large trucks because:

if you follow too closely, you will get caught in the wind draft caused by the truck.

you need the extra room to see around the truck.

their heavier weight allows them to stop more quickly than you.you need the extra room to see around the truck.",you need the extra room to see around the truck.
"When driving at night with no other vehicles ahead, a driver should use:

high beam lights.

low-beam lights.

parking lights.high beam lights.",high beam lights.
"BAC is expressed in:
ounces of alcohol in your blood.

percentage of alcohol to blood.

percentage of blood to alcohol.percentage of alcohol to blood.",percentage of alcohol to blood.
"When a hazard is seen ahead, reaction distance:

is how far a vehicle will continue to travel, in ideal conditions, before the driver hits the brakes.

equals total stopping distance minus perception distance.

is the sum of perception distance and braking distance.is how far a vehicle will continue to travel, in ideal conditions, before the driver hits the brakes.","is how far a vehicle will continue to travel, in ideal conditions, before the driver hits the brakes."
"When can you drive using only your parking lights?

On foggy days when visibility is low.

30 minutes after sunset or 30 minutes before sunrise.

Under no circumstancesUnder no circumstances",Under no circumstances
"It is illegal to leave a child ___ years or younger unattended in a motor vehicle.

four

eight

sixsix",six
"When you park ________, turn your front wheels toward the curb.

facing uphill.

facing downhill.

on a level road.facing downhill.",facing downhill.
"When can you drive using only parking lights?

30 minutes after sunset or 30 minutes before sunrise.

On foggy days when visibility is low.

Under no circumstances.Under no circumstances.",Under no circumstances.
"If a driver looks like he or she is going to pull out in front of you, the safest thing to do is:

honk your horn and maintain your speed.

slow or stop your vehicle and use your horn.

use your horn and swerve into the next laneslow or stop your vehicle and use your horn.",slow or stop your vehicle and use your horn.
"Which of these vehicles must always stop before crossing railroad tracks?

Tank trucks marked with hazardous materials placards.

Motor homes or pickup trucks towing a boat trailer.

Any vehicle with 3 or more axles or weighing more than 4,000 pounds.Tank trucks marked with hazardous materials placards.",Tank trucks marked with hazardous materials placards.
"You must notify the DMV within 5 days if you:

paint your vehicle a different color.

sell or transfer your vehicle

are cited for a traffic violation.sell or transfer your vehicle",sell or transfer your vehicle
"After passing a car, it is safe to return to your lane when:

the driver you passed slows down to let you return to your lane.

you can see both headlights of the car you just passed in your rearview mirror.

you are at least 50 feet ahead of the car you passed.you can see both headlights of the car you just passed in your rearview mirror.",you can see both headlights of the car you just passed in your rearview mirror.
"At an uncontrolled intersection where you can't see cross traffic until you are just about to enter the intersection, the speed limit is:

20 MPH

25 MPH

15 MPH15 MPH",15 MPH
"You must come to a full stop at a yield sign:

Always.

If traffic conditions require it.

Never.If traffic conditions require it.",If traffic conditions require it.
"If you are under 21 years of age and your BAC measures 0.01% or higher on the breath test (PAS) you may be suspended for:

18 months.

one year.

180 days.one year.",one year.
"To see vehicles in your blind spots, you must look:

over your shoulders.

in your inside rearview mirror.

in your outside rearview mirror.over your shoulders.",over your shoulders.
"It is illegal for a person who is on a Driving Under the Influence (DUI) probation to drive with a blood alcohol concentration (BAC) that is _______ or higher.
0.01%

0.1%

0.08%, if the person is age 21 or older.0.01%",0.01%
"A broken white line:

means passing or crossing is prohibited in that lane.

marks the right edge of the roadway.

separates two lanes traveling in the same directionseparates two lanes traveling in the same direction",separates two lanes traveling in the same direction
"A peace officer is signaling you to drive to the edge of the roadway. You decide to ignore the officer's warning and flee the scene. You are guilty of a misdemeanor and can be punished by being:

fined up to $2,000.

given a warning and a citation.

jailed in the country jail for not more than one year.jailed in the country jail for not more than one year.",jailed in the country jail for not more than one year.
"When driving in the far right lane of a freeway, you:

must give the right-of-way to merging traffic.

should expect merging vehicles at on-ramps.

must be driving slower than other traffic.should expect merging vehicles at on-ramps.",should expect merging vehicles at on-ramps.
"A school bus with flashing red lights is on the other side of a divided highway. You:

must slow down and prepare to stop.

do not need to stop.

must stop and remain stopped until the lights stop flashing.do not need to stop.",do not need to stop.
"Two vehicles reach an uncontrolled intersection at the same time. Who has the right of way?
The driver on the right.

The driver on the left.

No one.The driver on the right.",The driver on the right.
"Smoking inside a vehicle when a person younger than 18 years of age is present is:

up to the driver to decide.

legal, if it is your child.

illegal.illegal.",illegal.
"What does the flashing signal in the picture indicate?

Pedestrians should finish crossing the street if started.

The same thing as a stop sign.

Pedestrians should start crossing the street.Pedestrians should finish crossing the street if started.",Pedestrians should finish crossing the street if started.
"Which of the following is true about vehicles displaying a diamond shaped sign indicating hazardous load?

They are not allowed to exceed 35 MPH.

They are not allowed to drive on freeways.

They must stop before crossing railroad tracks.They must stop before crossing railroad tracks.",They must stop before crossing railroad tracks.
"If you have a collision, you are required by law to exchange your driver license information with:

security guards.

others involved in the collision.

witnessesothers involved in the collision",others involved in the collision
"_________________ your mirrors when you prepare to change lanes.

Never depend on

Never use

Always rely onNever depend on",Never depend on
"Which of the following must you obey over the others?

Police officer

Red light

Stop signPolice officer",Police officer
"When you are merging onto the freeway, you should be driving:

The posted speed limit for traffic on the freeway.

5 to 10 MPH slower than the traffic on the freeway.

At or near the same speed as the traffic on the freeway.At or near the same speed as the traffic on the freeway.",At or near the same speed as the traffic on the freeway.
"During darkness, bicyclists must have:

a front lamp emitting a yellow light visible from a distance of 100 feet.

a rear red reflector visible from a distance of 500 feet.

a white reflector on the bicyclist's helmet.a rear red reflector visible from a distance of 500 feet.",a rear red reflector visible from a distance of 500 feet.
"This red and white sign means:
(wrong way sign)

the road ahead is closed to traffic in your direction.

do not enter the road ahead unless it is safe to do so.

the road ahead is closed to traffic in all directions.the road ahead is closed to traffic in your direction.",the road ahead is closed to traffic in your direction.
"A white painted curb means:
 
Loading zone for freight or passengers.

Loading zone for passengers or mail only.

Loading zone for freight only.Loading zone for passengers or mail only.",Loading zone for passengers or mail only.
"What is the meaning of blue traffic signs?

Blue indicates road user services.

 A blue background indicates a regulatory sign.

They give directional information.Blue indicates road user services.",Blue indicates road user services.
"When drivers see this road sign:
(wrong way sign)

they must turn around immediately.

they must come to a complete stop and call the police.

they must not drive past this signthey must turn around immediately.",they must turn around immediately.
"Roads are the most slippery:

after it has been raining for an hour or more.

The first rain after a dry spell.

for the first 2 hours of a rain storm.The first rain after a dry spell.",The first rain after a dry spell.
"When sharing the road with a light rail vehicle:

remember they are loud and move slowly like freight trains.

always pass a light rail vehicle slowly on the right.

never turn in front of an approaching light rail vehicle.never turn in front of an approaching light rail vehicle.",never turn in front of an approaching light rail vehicle.
"A flashing red light at an intersection means:

Stop before entering.

Slow down before entering.

Stop and wait for the green light.Stop before entering.",Stop before entering.
"Does a vehicle prepared to enter a traffic circle or rotary have right-of-way over vehicles in the circle?

No. Vehicles already in the circle have the right-of-way.

Yes, but only if they are entering the rotary from the 
right lane.

Yes.No. Vehicles already in the circle have the right-of-way.",No. Vehicles already in the circle have the right-of-way.
"A vehicle suddenly ""cuts"" in front of you creating a hazard. Which of these actions should you take first?

Honk and step on the brake firmly.

Swerve into the lane next to you.

Take your foot off the gas pedal.Take your foot off the gas pedal.",Take your foot off the gas pedal.
"Warning signs normally are:

triangles.

diamond-shaped.

rectangles.diamond-shaped.",diamond-shaped.
"You are driving on a one-way street. You may turn left onto another one-way street only if:

traffic on the street moves to the right.

a sign permits the turn.

traffic on the street moves to the left.traffic on the street moves to the left.",traffic on the street moves to the left.
"When you change lanes or merge into another lane, you:

have the right-of-way.

should first stop and check for cross traffic.

need at least a 4-second traffic gapneed at least a 4-second traffic gap",need at least a 4-second traffic gap
"When driving at night on a dimly lit street, you should:

keep instrument lights bright to be more visible to other drivers.

turn on your high beam headlights to better see the vehicles directly ahead of you.

drive slowly enough so you can stop within the area lighted by your headlights.drive slowly enough so you can stop within the area lighted by your headlights.",drive slowly enough so you can stop within the area lighted by your headlights.
"Two sets of solid, double, yellow lines that are two or more feet apart indicate

two-way traffic

a parking lot

a barrier

an acceleration lanea barrier",a barrier
"A driver under the age of 21

can have a blood alcohol content of 0.08%

can have a blood alcohol content of 0.04%

can have a blood alcohol content of 0.02%

must have a blood alcohol content of zeromust have a blood alcohol content of zero",must have a blood alcohol content of zero
"You must turn on your headlights __________ after sunset.

immediately

20 minutes

30 minutes

15 minutes30 minutes",30 minutes
"A traffic signal with a flashing yellow arrow means that you should 

proceed with caution but turns are not permitted in the direction of the arrow

proceed at increased speed as directed by the arrow

stop and be prepared to obey the next signal

proceed with cautionproceed with caution",proceed with caution
"In case of skidding, drivers should NOT:

tap the gas pedal with their foot.

take their foot off the gas pedal.

pump the brakes gently if they are about to hit something.tap the gas pedal with their foot.",tap the gas pedal with their foot.
"There is one lane in your direction and the vehicle ahead of you often slows down for no apparent reason. In this situation you should:

increase the following distance between you and the other vehicle.

flash your headlight quickly to alert the other drivers.

pass the vehicle as soon as possible.increase the following distance between you and the other vehicle.",increase the following distance between you and the other vehicle.
"You have consented to take a test for the alcohol content of your blood, breath, or urine:

only if you have been drinking alcohol.

whenever you drive in California.

only if a collision has occurred.whenever you drive in California.",whenever you drive in California.
"When you approach this sign, you must:
(school crossing sign)

stop if necessary.

watch for workers crossing the road.

None of the above.stop if necessary.",stop if necessary.
"Which of the following drugs could affect your ability to drive?

A cold remedy.

Marijuana.

All of the above.All of the above.",All of the above.
"The shape of a route sign tells you:

the speed limit on that route.

that the route you are on might be dangerous.

the type of route you are on.the type of route you are on.",the type of route you are on.
"What should you do if your rear wheels start to skid?

If the vehicle has ABS, pump the pedal carefully.

Turn the steering wheel in the direction the vehicle is trying to go.

Steer left if your rear wheels slide right.Turn the steering wheel in the direction the vehicle is trying to go.",Turn the steering wheel in the direction the vehicle is trying to go.
"The safest precaution that you can take regarding the use of cellular phones and driving is:

Review the number before answering a call.

Use hands-free devices so you can keep both hands on the steering wheel.

Keep your phone within easy reach so you won't need to take your eyes off the road.Use hands-free devices so you can keep both hands on the steering wheel.",Use hands-free devices so you can keep both hands on the steering wheel.
"Two motorcyclists are allowed to:

race on empty roads.

share the lane with another vehicle.

ride side-by-side in a single lane.ride side-by-side in a single lane.",ride side-by-side in a single lane.
"Select the best answer. Before changing lanes, you should:

look over your shoulder to check for blind spots.

look into your rear view mirror.

look into your rear view mirror, and also over your shoulder.look into your rear view mirror, and also over your shoulder.","look into your rear view mirror, and also over your shoulder."
"You see a pedestrian with a white cane at the corner ready to cross the street. The person takes a step back and pulls his/her cane. You should:

stop your vehicle a minimum of six feet from the crosswalk and wait for the person to cross the street.

proceed across the street because the person is not ready to cross.

honk your horn to let the person know when to crosswalk and wait for the person to cross the street.proceed across the street because the person is not ready to cross.",proceed across the street because the person is not ready to cross.
"If it starts to rain on a hot day, the road is most slippery:

for the first few minutes.

after it has stopped raining.

after it has been raining for a few hours.for the first few minutes.",for the first few minutes.
"Bicyclists:

have the same rights and responsibilities as motorized vehicles.

are entitled to share the road with motor vehicles.

All of the aboveAll of the above",All of the above
"To avoid tailgating, drivers should:

look into their rear view mirror.

use the ""three-second rule"".

leave at least 25 feet between their vehicle and the vehicle ahead.use the ""three-second rule"".","use the ""three-second rule""."
"If the entrance lane is too short to allow acceleration to highway speed, you should:

merge into highway traffic as soon as possible.

stop and wait for a large gap in traffic, then enter the highway and accelerate quickly.

go to the next entrance ramp.stop and wait for a large gap in traffic, then enter the highway and accelerate quickly.","stop and wait for a large gap in traffic, then enter the highway and accelerate quickly."
"What is the speed limit for a blind intersection?

35 MPH

15 MPH

25 MPH15 MPH",15 MPH
"Two vehicles are approaching an uncontrolled ""T"" intersection. One vehicle is on the through road and the other is on the road that ends. Who has the right-of-way at the intersection?

The vehicle on the right.

The vehicle that arrives first.

The vehicle on the through road.The vehicle on the through road.",The vehicle on the through road.
"Never park your vehicle within __ feet of a fire station driveway.

25

15

1015",15
"Destination signs are ______ with ____ letters and symbols.

blue; white

green; white

white; blackgreen; white",green; white
"You are driving on a five-lane freeway in the lane closest to the center divider. To exit the freeway on the right you should:

change lanes one at a time until you are in the proper lane.

slow before beginning each lane change.

carefully cross all the lanes at one time.change lanes one at a time until you are in the proper lane.",change lanes one at a time until you are in the proper lane.
"What is the first thing you should do if your wheels move off the pavement?

Pull the steering wheel back.

Pull over to the right and sound your horn to warn the other drivers.

Ease your foot off the gas pedal and brake gently.Ease your foot off the gas pedal and brake gently.",Ease your foot off the gas pedal and brake gently.
"An emergency vehicle that uses lights and a siren can be unpredictable. Why?

Emergency vehicle drivers are not required to be careful.

The driver can legally pass red lights.

Emergency vehicles must go faster than the posted speed limit when it is safe to do so.The driver can legally pass red lights.",The driver can legally pass red lights.
"How many different classes of mopeds are there?

3

2

53",3
"Unless prohibited by a sign, drivers may make a U-turn:

at an intersection on a one-way street.

in front of a school.

at an intersection with a green light.at an intersection with a green light.",at an intersection with a green light.
"During an enforcement stop, you should:
Acknowledge the officer's presence by stepping out of your vehicle.

move onto the center median and then stop.

turn on your right turn signal before moving your vehicle to the right shoulder of the road.turn on your right turn signal before moving your vehicle to the right shoulder of the road.",turn on your right turn signal before moving your vehicle to the right shoulder of the road.
"You want to turn left ahead. In the middle of the road there is a lane marked as shown. (yellow solid lines and yellow broken lines) You must:

not enter this lane for any reason.

turn from your current traffic lane after signaling.

merge completely into this lane before you make your left turn.merge completely into this lane before you make your left turn.",merge completely into this lane before you make your left turn.
"Gauging the speed of a motorcycle may be difficult because:

they take up less of your field of vision.

motorcycles often slow down by downshifting.

many motorcyclists do not activate the brake light.they take up less of your field of vision.",they take up less of your field of vision.
"If your gas pedal is stuck, you should:

ease your foot off the gas pedal and brake gently.

turn off the ignition if your vehicle has power steering.

hook your shoe under the pedal and see if you can free it. If not, shift into neutral and use the brake to slow your vehicle and get off the road.hook your shoe under the pedal and see if you can free it. If not, shift into neutral and use the brake to slow your vehicle and get off the road.","hook your shoe under the pedal and see if you can free it. If not, shift into neutral and use the brake to slow your vehicle and get off the road."
"When driving on a multi-lane street with two-way traffic:

You should drive ahead of or behind the other vehicles.

It is safest to drive in the lane next to the center line.

Drive alongside the other vehicles so the drivers can see you.You should drive ahead of or behind the other vehicles.",You should drive ahead of or behind the other vehicles.
"You are entering a roadway from a private road, and you need to turn left. You have to yield to:

vehicles from the left.

vehicles from the right.

vehicles from both directions.vehicles from both directions.",vehicles from both directions.
"What should you do when you see a Wrong Way sign?

Come to a complete stop and call law enforcement.

Immediately make a U-turn.

Drive to the side of the road and stop. When safe, back out or turn around and return to the road you were on.Drive to the side of the road and stop. When safe, back out or turn around and return to the road you were on.","Drive to the side of the road and stop. When safe, back out or turn around and return to the road you were on."
"When drivers come to this sign, they must:
(stop sign ahead)

warn other drivers that a stop sign is ahead.

brake sharply and come to a complete stop.

be ready to stop at the stop sign.be ready to stop at the stop sign.",be ready to stop at the stop sign.
"It is night. A vehicle coming towards you has its high beams on, which makes it hard to see the road ahead. You should:

look straight ahead in your lane.

look ahead towards the right edge of your lane.

look ahead towards the left edge of your lane.look ahead towards the right edge of your lane.",look ahead towards the right edge of your lane.
"The maximum speed limit on most California highways is:

55 MPH
70 MPH
65 MPH65 MPH",65 MPH
"Which way do you turn your front wheels to park downhill next to a curb?

Away from the curb

Parallel to the curb.

Into the curbInto the curb",Into the curb
"The speed limit for a school zone where children are present is ____, unless otherwise posted.

15 MPH
25 MPH
20 MPH25 MPH",25 MPH
"You are approaching an intersection at the posted speed limit when the signal light turns yellow. You should:

stop before entering the intersection, if you can do so safely.

slow down and proceed through the intersection without caution.

speed up to cross the intersection before the light turns red.stop before entering the intersection, if you can do so safely.","stop before entering the intersection, if you can do so safely."
"When parking uphill on a two-way street with no curb, your front wheels should be:

turned to the left (toward the street).

parallel with the pavement.

turned to the right (away from the street).turned to the right (away from the street).",turned to the right (away from the street).
"On rainy, snowy or foggy days, you should turn on your windshield wipers and:

pump your brakes when driving on wet pavement.

come to a complete stop.

use your headlights so other drivers can see you.use your headlights so other drivers can see you.",use your headlights so other drivers can see you.
"Before you change lanes, you should:

glance over your shoulder into the lane you want to enter.

always turn your head and look over your right shoulder.

look into your outside mirror only.glance over your shoulder into the lane you want to enter.",glance over your shoulder into the lane you want to enter.
"If you want to reduce the risk of skidding on slippery surfaces, it is advisable to:

Drive close to the vehicle ahead being ready for a sudden stop.

shift to a lower gear after starting down a steep hill.

slow down before entering curves and intersections.slow down before entering curves and intersections.",slow down before entering curves and intersections.
"This red and white sign means you should:
(yield sign)

stop and check traffic both ways before proceeding.

keep a steady speed and check traffic both ways.

give the right-of-way to traffic on the road you wish to enter or cross.give the right-of-way to traffic on the road you wish to enter or cross.",give the right-of-way to traffic on the road you wish to enter or cross.
"At intersections where two or more drivers stop at STOP signs at the same time and they are at right angles:

the driver on the right must yield to the driver on the left.

the driver on the left must yield to the driver on the right.

the driver who is late for work has the right-of-way.the driver on the left must yield to the driver on the right.",the driver on the left must yield to the driver on the right.
"Most signs used in street work areas are:

diamond shaped.

round.

rectangle shaped.diamond shaped.",diamond shaped.
"Directions given by traffic officers ___________ signs, signals or pavement markings.

are less important than

take precedence over

must obeytake precedence over",take precedence over
"Road signs that point out scenic areas and parks are:

brown and white.

black and orange.

green and white.brown and white.",brown and white.
"When stopped at railroad tracks with multiple tracks, cross:
as soon as the train has passed your roadway.

only when other vehicles begin crossing.

only when you can see clearly in both directionsonly when you can see clearly in both directions",only when you can see clearly in both directions
"What should you do if your brakes fail?

Try pumping the brake pedal to increase pressure.

Hook your shoe under the pedal and see if you can free it.

Turn on your cruise control.Try pumping the brake pedal to increase pressure.",Try pumping the brake pedal to increase pressure.
"You must yield the right-of-way to an emergency vehicle by:

moving into the right lane and driving slowly until it has passed.

stopping immediately, even if you are in an intersection.

driving as near to the right edge of the road as possible and stopping.driving as near to the right edge of the road as possible and stopping.",driving as near to the right edge of the road as possible and stopping.
"The sign in the picture:
maximum recommended speed sign

is used to advise motorists of the appropriate ramp speed at the highway exit point.

indicates the minimum ramp speed at the highway exit point.

shows the highest speed drivers can travel at the exit of the intersection.is used to advise motorists of the appropriate ramp speed at the highway exit point.",is used to advise motorists of the appropriate ramp speed at the highway exit point.
"When you see this yellow sign, you should:
school sign

always stop at the crosswalk

stop at the crosswalk until a crossing guard signals you to go.

be prepared to stop if children are in the crosswalk.be prepared to stop if children are in the crosswalk.",be prepared to stop if children are in the crosswalk.
"At dawn or dusk, or in rain or snow, it can be hard to see and be seen. A good way to let other drivers know you are there is to turn:

up the instrumental panel lights.

on your parking light.

on your headlights.on your headlights.",on your headlights.
"Never make a U-turn from:

the left part of the lane nearest to the centerline of the roadway.

the lane you're in.

the right lane.the right lane.",the right lane.
"An edge line that angles toward the center of the road indicates that:

there's a narrow bridge ahead.

the road is narrower ahead.

you must turn right.the road is narrower ahead.",the road is narrower ahead.
"When you make a left turn from a one-way road into a two-way road, you must:

enter the two-way road to the left of its center line.

make a U-turn into the two-way road.

enter the two-way road to the right of its center line.enter the two-way road to the right of its center line.",enter the two-way road to the right of its center line.
"The maximum speed limit for ideal driving conditions is:

the posted speed.

the speed of other vehicles traveling in your direction.

the speed of oncoming vehicles.the posted speed.",the posted speed.
"Where must a pedestrian walk when there are no sidewalks?

In the middle of the road, facing oncoming traffic.

On the side of the road, facing the traffic.

On the side of the road, in the same direction of traffic.On the side of the road, facing the traffic.","On the side of the road, facing the traffic."
"This white sign means don't pass:
(do not pass)

unless it is safe to do so.

other vehicles for any reason.

until after you pass the sign.other vehicles for any reason.",other vehicles for any reason.
"You just sold your vehicle. You must notify the DMV within ___ days.

5

15

105",5
"You are driving on a one-way street. You may turn left onto another one-way street:

if traffic on the street is moving to the right.

only if a sign permits the turn.

if traffic on the street is moving to the left.if traffic on the street is moving to the left.",if traffic on the street is moving to the left.
"You must carefully watch for bicycles in traffic lanes because they:

usually have the right-of-way.

must ride facing oncoming traffic.

could be hidden in your blind spots.could be hidden in your blind spots.",could be hidden in your blind spots.
"When they see a yellow X signal, drivers should:
(lane yellow x)

turn off the ignition.

prepare to leave the lane safely.

come to a complete stop at the marked stop line.prepare to leave the lane safely.",prepare to leave the lane safely.
"Your car stalls on the tracks at a railroad crossing, and a collision with a train is imminent. After getting yourself and your passengers out of the car, you should:

run toward the train but stay off the tracks.

cross the tracks.

signal the train to stop.run toward the train but stay off the tracks.",run toward the train but stay off the tracks.
"If you are arrested for driving with a blood alcohol concentration (BAC) above the legal limit:

you will be sentenced to up to six months in jail.

DMV can take an administrative action against your driving privilege.

you'll be required to take an alcohol-test every 3 months for up to 2 years.DMV can take an administrative action against your driving privilege.",DMV can take an administrative action against your driving privilege.
"When they see this sign, drivers should:
(right curve sign)

increase their speed and keep well to the right.

slow down and keep well to the right.

slow down and keep well to the left.slow down and keep well to the left.",slow down and keep well to the left.
"Never park your vehicle within __ feet of a railroad track.
7 ½
15
207 ½",7 ½
"If you approach an intersection without a stop sign or signal, you:

should slow down and be ready to stop, if necessary.

should always stop before driving through the intersection.

must yield the right-of-way to all other vehicles.should slow down and be ready to stop, if necessary.","should slow down and be ready to stop, if necessary."
"Where should you stop your vehicle if there is no crosswalk or limit line?

Twenty feet before the corner.

Just pass the corner.

At the corner.At the corner.",At the corner.
"You want to park downhill on a two-way road and there is no curb. Which way do you turn your front wheels?

So they face straight ahead.

Left - towards the center of the road.

Right - towards the side of the road.Right - towards the side of the road.",Right - towards the side of the road.
"You can pass on the right:

when a vehicle ahead makes a left turn.

when a vehicle ahead makes a right turn.

when a vehicle that is approaching from the opposite direction is prepared to turn left.when a vehicle ahead makes a left turn.",when a vehicle ahead makes a left turn.
"A red traffic sign means?

Do not enter.

Stop.

All of the above.All of the above.",All of the above.
"This red and white sign means:
(do not enter)

drivers may not enter the road from their direction.

stop and proceed with caution.

the road ahead is closed to traffic in all directions.drivers may not enter the road from their direction.",drivers may not enter the road from their direction.
"When parking your vehicle parallel to the curb on a level street:

One of your rear wheels must touch the curb.

Your wheels must be within 18 inches of the curb.

Your front wheels must be turned toward the street.Your wheels must be within 18 inches of the curb.",Your wheels must be within 18 inches of the curb.
"Cargo extending more than four feet from your rear bumper:

is illegal under all circumstances.

does not legally have to be marked, but it is a good idea.

must be marked with a red flag or lights.must be marked with a red flag or lights.",must be marked with a red flag or lights.
"Which of the following is NOT true about ABS?

It improves the steering ability.

It helps increase your stopping distance.

It improves the vehicle stability.It helps increase your stopping distance.",It helps increase your stopping distance.
"You must look for bicycle riders in the same lane used by motor vehicles because they:

illegally share lanes with motor vehicles.

must ride facing oncoming traffic.

are entitled to share the road with you.are entitled to share the road with you.",are entitled to share the road with you.
"A large truck is ahead of you and is turning right onto a street with two lanes in each direction. The truck:

May have to swing wide to complete the right turn.

May complete its turn in either of the two lanes.

Must stay in the right lane at all times while turning.May have to swing wide to complete the right turn.",May have to swing wide to complete the right turn.
"When approaching a highway-rail intersection, the first sign drivers see is usually:

a stop sign.

an RXR round sign on a yellow background.

a yield sign.an RXR round sign on a yellow background.",an RXR round sign on a yellow background.
"It is a good habit to signal continuously during the last 100 feet before you turn at an intersection:

unless your turn is protected by a green arrow.

even if you do not see any other vehicles around.

unless you are in a designated turn lane.even if you do not see any other vehicles around.",even if you do not see any other vehicles around.
"It is illegal for a person under age 21 to drive with a blood alcohol concentration (BAC) that is _______ or higher.
0.8%
0.01%
0.08%0.01%",0.01%
"What does this sign indicate?
(divided highway ends sign)

Winding road ahead. Drive with caution.

Drivers will soon be on a roadway with two-way traffic.

The highway ahead is divided into two one-way roadwaysDrivers will soon be on a roadway with two-way traffic.",Drivers will soon be on a roadway with two-way traffic.
"Driving along the right-rear side of another vehicle is:

dangerous because you're probably in one of the driver's blind spots.

a good way to maintain a space cushion on your left side.

a good defensive driving technique to avoid drivers' blind spots.dangerous because you're probably in one of the driver's blind spots.",dangerous because you're probably in one of the driver's blind spots.
"Which of these statements is true about changing lanes:

Look over your right shoulder for a right lane change and your left shoulder for a left lane change.

Vehicles with two outside mirrors do not have blinds.

You only need to turn and look over your right shoulder for lane changes to the right or left.Look over your right shoulder for a right lane change and your left shoulder for a left lane change.",Look over your right shoulder for a right lane change and your left shoulder for a left lane change.
"If you are towing another vehicle or trailer on a freeway with four lanes in your direction, you may travel in:

the far right lane only.

any of the traffic lanes in your direction.

either of the two right lanes.either of the two right lanes.",either of the two right lanes.
"Which of these is a legal U-turn:

on a divided highway where there is a paved opening for a turn.

over two sets of double yellow lines in the roadway.

150 feet away from a hill or curve.on a divided highway where there is a paved opening for a turn.",on a divided highway where there is a paved opening for a turn.
"You should use your brakes to slow your vehicle on a sharp curve:

as you drive through a curve.

right after entering the curve.

before you enter the curve.before you enter the curve.",before you enter the curve.
"What does a flashing red light mean?

Drivers may move forward with caution.

The same thing as a stop sign.

NO TURN ON RED.The same thing as a stop sign.",The same thing as a stop sign.
"Your driving lane is next to a bicycle lane. You want to make a right turn at the upcoming intersection. You:

may not enter the bicycle lane to make your turn.

should only merge into the bicycle lane if you stop before turning.

must merge into the bicycle lane before making your turn.must merge into the bicycle lane before making your turn.",must merge into the bicycle lane before making your turn.
"If you are involved in a collision, you must exchange with the person(s) involved your driver license information and:

proof of insurance, vehicle registration, and current address.

proof of insurance and current address only.

vehicle registration only.proof of insurance, vehicle registration, and current address.","proof of insurance, vehicle registration, and current address."
"Arrows on the roadway:

indicate reserved lanes.

indicate HOV lanes.

show which lanes you must use.show which lanes you must use.",show which lanes you must use.
"What should you do if one of your tires blows out?

Hold the steering wheel tight and brake immediately to avoid the risk of skidding.

Leave the road immediately.

Hold the steering wheel tight and slowly take your foot off the gas pedal.Hold the steering wheel tight and slowly take your foot off the gas pedal.",Hold the steering wheel tight and slowly take your foot off the gas pedal.
"At intersections, crosswalks, and railroad crossings, drivers should always:

stop, listen for oncoming traffic, and proceed with caution.

concentrate on oncoming traffic.

look to the sides of their vehicle.look to the sides of their vehicle.",look to the sides of their vehicle.
"Never park your vehicle within __ feet of a fire hydrant.
25
15
1015",15
"Service signs are ____ with ____ letters and symbols.

white; black

green; white

blue; whiteblue; white",blue; white
"When driving a vehicle with air bags, you are safest when seated:

with your head positioned directly above the steering wheel.

at least 10 inches away from the steering wheel.

within 6½ inches of the steering wheel.at least 10 inches away from the steering wheel.",at least 10 inches away from the steering wheel.
"What should you do if a vehicle is approaching head-on in your lane?

Turn off the ignition if your vehicle has power steering.

Decrease speed, pull over to the right and sound your horn to warn the other driver.

Pull over to the left and use your emergency lights to stop the other driver.Decrease speed, pull over to the right and sound your horn to warn the other driver.","Decrease speed, pull over to the right and sound your horn to warn the other driver."
"You are stopped at a stop sign and you are going to go straight through the intersection. A car on the cross road has stopped at a stop sign on your right and is going to go straight. Who has the right-of-way?

You.

The car on your right.

Whoever enters the intersection first.The car on your right.",The car on your right.
"What can you do to prevent skids on snow and ice?

Brake early and gently.

Allow the wheels to keep turning.

All of the above.All of the above.",All of the above.
"When they see this sign, drivers should:
(hill sign)

yield to trucks coming from the hill on the right.

be ready to shift to lower gear.

be ready to brake sharply and stop.be ready to shift to lower gear.",be ready to shift to lower gear.
"Before a school bus stops to load passengers, the driver will usually flash:

red lights.

red warning lights.

yellow warning lights.yellow warning lights.",yellow warning lights.
"What is the best advice for driving in the fog?

Turn on your windshield wipers.

DON'T. Consider postponing your trip until the fog clears.

Drive slow.DON'T. Consider postponing your trip until the fog clears.",DON'T. Consider postponing your trip until the fog clears.
"You are driving on the freeway. The vehicle in front of you is a large truck. You should drive:

No more than one car length behind the truck so the driver can see you.

Closely behind the truck in bad weather because the driver can see farther ahead.

Farther behind the truck than you would for a passenger vehicle.Farther behind the truck than you would for a passenger vehicle.",Farther behind the truck than you would for a passenger vehicle.
"You are driving in the far right lane of a four-lane freeway and notice thick broken white lines on the left side of your lane. You are driving in:

a special lane for slow moving vehicles.

an exit lane.

the carpool lane and must merge into the next lane.an exit lane.",an exit lane.
"If you approach the top of a hill and you do not have a clear view of the road ahead, you should:

pull over and wait for the conditions to improve.

slow down so you can stop if necessary.

use your high beam lights to be more visible.slow down so you can stop if necessary.",slow down so you can stop if necessary.
"Roads are most slippery:

just after the rain begins.

just before it rains.

when it stops raining.just after the rain begins.",just after the rain begins.
"The left or ""fast"" lane is also called:

Number 3 Lane.

Number 1 Lane.

Number 2 Lane.Number 1 Lane.",Number 1 Lane.
"The speed limit at an uncontrolled crossing is:

20 MPH

15 MPH

25 MPH15 MPH",15 MPH
"The white sign means:
(railroad crossing sign)

Railroad crossing is controlled - continue at your regular speed.

Stop at the railroad tracks and wait for a signal before crossing.

Look, listen, and prepare to stop at the crossing, if necessary.Look, listen, and prepare to stop at the crossing, if necessary.","Look, listen, and prepare to stop at the crossing, if necessary."
"Near streetcars, trolleys, or buses, the passing speed limit, when safe to pass, is:
10 MPH
20 MPH
15 MPH10 MPH",10 MPH
"If you cannot stop safely at a yellow traffic light, you should:

stop your vehicle in the intersection, then back up carefully.

stop your vehicle before entering the intersection.

enter the intersection with caution and continue across.enter the intersection with caution and continue across.",enter the intersection with caution and continue across.
"If another driver does not dim his or her lights, you should:

look directly into the oncoming headlights.

watch the oncoming vehicle out of the corner of your eye.

look toward the left edge of your lane.watch the oncoming vehicle out of the corner of your eye.",watch the oncoming vehicle out of the corner of your eye.
"When you see this sign you:
(Railroad sign) 

always stop at the upcoming railroad crossing.

are approaching a railroad crossing: prepare to stop.

stop and wait for a signal before crossing the railroad tracks.are approaching a railroad crossing: prepare to stop.",are approaching a railroad crossing: prepare to stop.
"Even if you know your vehicle can maneuver a sharp curve at the legal speed limit, you should still slow down because:

there may be a stalled vehicle or collision ahead that you can't see.

the strong inward pull on your vehicle can be dangerous.

you must legally drive below the speed limit on sharp curves.there may be a stalled vehicle or collision ahead that you can't see.",there may be a stalled vehicle or collision ahead that you can't see.
"You were parked and have been waiting a long time with your turn signal on to re-enter traffic. However, traffic is heavy. You should:

drive on the shoulder until a gap in traffic appears.

slowly inch your vehicle into the traffic lane.

continue waiting and yielding to traffic in the lane.continue waiting and yielding to traffic in the lane.",continue waiting and yielding to traffic in the lane.
"Backing your vehicle is:

dangerous if you have a helper.

always dangerous to do.

only dangerous in large vehiclesalways dangerous to do.",always dangerous to do.
"You are driving on a divided street with multiple lanes in your direction. If you need to make a U-turn, where should you start?

On the shoulder.

In the left lane.

In the median.In the left lane.",In the left lane.
"If you have trouble seeing other vehicles because of dust or smoke blowing across the roadway, you should drive slower and turn on your:

emergency flashers.

parking lights.

headlights.headlights.",headlights.
"What does this road sign indicate?
(yield to bikes sign)

Motor vehicles entering an exclusive right-turn lane must weave across bicycle traffic in bicycle lanes.

Drivers have the right of way over bikes turning left.

Vehicles turning left must yield to bikes entering a right turn lane.Motor vehicles entering an exclusive right-turn lane must weave across bicycle traffic in bicycle lanes.",Motor vehicles entering an exclusive right-turn lane must weave across bicycle traffic in bicycle lanes.
"When two vehicles meet on a steep road where neither vehicle can pass, which one must yield the right-of-way?

The vehicle facing downhill

The vehicle with the most passengers.

The vehicle going uphillThe vehicle facing downhill",The vehicle facing downhill
"While inside the roundabout, you should:

use your left turn signal if you are in position to exit now.

remain in your lane until you are ready to exit.

change lanes before you check for vehicles behind you.remain in your lane until you are ready to exit.",remain in your lane until you are ready to exit.
"On average, how long does it take your body to remove the alcohol contained in 5 ounces of wine?

one hour.

3 hours.

30 minutes.one hour.",one hour.
"You must dim your headlights to low beams when you are within __________ feet of a vehicle you are following.
200
500
400
300300",300
"What does it mean if the roadway has a solid yellow center line stripe in your lane and a dashed center line stripe to its left?

None of these answers

Cars traveling in the same traffic lanes may pass, but you may not

You may pass a slow moving vehicle ahead of you if it's safe to do so

Do not passDo not pass",Do not pass
"What is the hand signal for stopping or slowing?

Right arm dangling out the window

Left arm extended out the window with forearm and hand pointed up

Left arm straight horizontally

Left arm extended out the window with forearm and hand pointed downLeft arm extended out the window with forearm and hand pointed down",Left arm extended out the window with forearm and hand pointed down
right turn signal,
left turn signal,
stop/slowing signal,
"When turning left from a two-way street onto a one-way street, you must:

swing wide to the left before turning

start the turn with your right wheel as close as possible to the yellow dividing the line

start the turn with your left wheel as close as possible to the yellow dividing line

do any of the abovestart the turn with your left wheel as close as possible to the yellow dividing line",start the turn with your left wheel as close as possible to the yellow dividing line
a divided highway begins ahead,
a divided highway ends ahead,
"A double solid white line marks the edge of a traffic lane where:

travel in the same direction is permitted on both sides of the line, and crossing the line is also permitted

travel in the same direction is permitted on both sides of the line, but crossing the line is prohibited

travel in opposite directions is permitted on both sides of the line, and crossing the line is also permitted

travel in opposite directions is permitted on both sides of the line, but crossing the line is prohibitedtravel in the same direction is permitted on both sides of the line, but crossing the line is prohibited","travel in the same direction is permitted on both sides of the line, but crossing the line is prohibited"
"If you find a ""speed zone ahead"" sign, you are approaching

an expressway or freeway

an area where the speed limit must not exceed 75 mph

an area where the minimum speed limit is 70 mph

an area where a lower speed limit has been establishedan area where a lower speed limit has been established",an area where a lower speed limit has been established
"Which of the following can be considered a legal parking zone?

within 7 1/2 feet of a railroad track

Within 3 feet of a sidewalk ramp for disabled persons

the curb or edge of a public road

within 15 feet of a fire hydrant or the driveway to a fire stationthe curb or edge of a public road",the curb or edge of a public road
"A driver who is a minor receives a phone call on his or her cell phone. He or she should

not answer the call 

not be carrying a cell phone while driving

answer the call in an emergency

use a hands-free cell phone to answer the callnot answer the call",not answer the call
"The wide white line painted across a traffic lane before you enter the intersection is known as

crosswalk line

yield line 

limit line

merge linelimit line",limit line
"A vehicle's stopping distance is equal to 

the sum of the braking distance and following distance

the sum of the reaction distance and the following distance 

the sum of the braking distance and reaction distance 

the braking distancethe sum of the braking distance and reaction distance",the sum of the braking distance and reaction distance
"When you come to an intersection and try to make a move, you must follow the _________ before you pull out.

left-right

right-left-right

left-right-left

left-left rightleft-right-left",left-right-left
"To avoid tailgating, one should follow the

two-second rule

six-second rule

three-second rule

four-second rulethree-second rule",three-second rule
"Special ""turn-out"" areas marked on a two-lane road 

allow vehicles to make left turns

allow drivers to stop and talk to their phone cell phones

allow vehicles to make U-turns

allow vehicles to passallow vehicles to pass",allow vehicles to pass
"If a person convicted of causing serious bodily injury when trying to evade a peace officer, the maximum imprisonment is 

years 3

years 5

years 7

years 2years 7",years 7
"what is the first thing you should during an enforcement stop? 

Turn on your right turn signal

Stop on the left shoulder

Stop on the center median 

Turn on you left turn signalTurn on your right turn signal",Turn on your right turn signal
"If your vehicle starts to hydroplane, you should:

slow down gradually

change your steering

apply the brakes

press your gas pedalslow down gradually",slow down gradually
"On a two-lane undivided highway, the maximum speed limit for vehicle towing trailers is

mph 60

mph 70 

mph 55

mph 65mph 55",mph 55
"When two vehicles meet on a steep mountain road where neither can pass, which vehicle has the right-of-way?

The vehicle traveling downhill

Both vehicles

The vehicle traveling uphillThe vehicle traveling uphill",The vehicle traveling uphill
"A center lane between lanes of traffic traveling in opposite directions may be designated for

passing 

right turns only

left turns onlyleft turns only",left turns only
"Before backing up your vehicle, you should look to the front, sides, and rear, and continue to look _________ while backing.

in the side mirrors

to the front 

to the rearto the rear",to the rear
"Your vehicle breaks down on a freeway. You are not able to move the vehicle off the road completely as the road shoulder is too narrow. What is the best thing to do?

Stay inside your vehicle until help arrives 

Exit on the right side of your vehicle and proceed to a safe place

Leave the vehicle immediately and wave at the drivers to let them know you are blocking the laneExit on the right side of your vehicle and proceed to a safe place",Exit on the right side of your vehicle and proceed to a safe place
"If you plan to turn beyond an intersection, you must

signal before passing through the intersection.

start signaling when you are in the intersection.

signal just before making the turn.start signaling when you are in the intersection.",start signaling when you are in the intersection.
"When you turn left from a one-way street onto another one-way street, you should turn into

the far right lane.

the far left lane.

any safely open lane.any safely open lane.",any safely open lane.
"When you approach a roundabout, you must enter to the _______ of the central island.

left

center

rightright",right
"Which of the following statements about the right-of-way is FALSE?

Vehicles entering or crossing a roadway from a private driveway must yield to all approaching vehicles.

Vehicles must yield to pedestrians in unmarked crosswalks.

At a T-intersection without signs or signals, a vehicle on the through road must yield to vehicles on the terminating road.At a T-intersection without signs or signals, a vehicle on the through road must yield to vehicles on the terminating road.","At a T-intersection without signs or signals, a vehicle on the through road must yield to vehicles on the terminating road."
"Unless it is prohibited, drivers must use the three-point turn to

pass another vehicle on a narrow road.

turn around on a narrow street.

change lanes.turn around on a narrow street.",turn around on a narrow street.
"At an intersection, a steady yellow arrow signal pointing left indicates to the driver that

the signal is about to change to a green or red light or a red arrow.

oncoming traffic is stopped and he or she may turn left.

he or she must increase speed.the signal is about to change to a green or red light or a red arrow.",the signal is about to change to a green or red light or a red arrow.
"What does this flashing arrow panel mean?

The roadway ahead curves to the left.

The roadway ahead is open to traffic.

Part of the roadway ahead is closed.Part of the roadway ahead is closed.",Part of the roadway ahead is closed.
"A _________ indicates the outer edge of a roadway, and it may be crossed only by traffic moving to or from the shoulder.

broken white line

solid yellow line

solid white linesolid white line",solid white line
"An __________ is the connection of a freeway to a road or another freeway by a series of ramps.

interchange

acceleration lane

exit rampinterchange",interchange
"If you are parallel parked on the right-hand side of the street, you should _________ before pulling out into traffic.

signal a right turn and look over your right shoulder

signal a left turn and look over your right shoulder

signal a left turn and look over your left shouldersignal a left turn and look over your left shoulder",signal a left turn and look over your left shoulder
"On a two-way roadway with a center lane, drivers from either direction can _________ from the center lane.

make left turns and U-turns

make right turns

parkmake left turns and U-turns",make left turns and U-turns
"For the first 12 months that you hold a California provisional driver license, you may NOT drive alone

between 10:00 p.m. and 7:00 a.m.

between 10:00 p.m. and 5:00 a.m.

between 11:00 p.m. and 5:00 a.m.between 11:00 p.m. and 5:00 a.m.",between 11:00 p.m. and 5:00 a.m.
"If a California driver with a provisional license has been involved in two ""at fault"" collisions within the first 12 months of holding the license, he or she must

be supervised while driving for 30 days.

pay a fine.

return his or her license to the DMV.be supervised while driving for 30 days.",be supervised while driving for 30 days.
"If a law enforcement officer finds that a driver under 21 has a blood alcohol concentration (BAC) of 0.05% or higher, the officer will

contact the driver's parents.

arrest the driver and suspend his or her license.

contact the driver's insurance company.arrest the driver and suspend his or her license.",arrest the driver and suspend his or her license.
"If a preliminary alcohol screening (PAS) test of an underage California driver reveals a blood alcohol concentration (BAC) of _______ or higher, the officer may require the driver to take a second test.

0.02%

0.05%

0.03%0.05%",0.05%
"If you are a California driver under the age of 21 and you receive your first DUI conviction, your driving privileges will be revoked for one year and

you will require adult supervision when driving.

you will be required to pass the driver license exam again.

you will be required to complete a DUI program.you will be required to complete a DUI program.",you will be required to complete a DUI program.
"What is the most common traffic conviction for young California drivers?

Driving under the influence (DUI)

Failure to yield

SpeedingSpeeding",Speeding
"For an underage driver, a blood alcohol concentration (BAC) of _______ gives California authorities the legal right to arrest the individual for DUI.

0.01%

0.05%

0.00%0.05%",0.05%
"If a California driver with a provisional driver license gets a traffic ticket but doesn't pay the fine or appear in court,

his or her school will be notified.

his or her parents will be notified.

his or her license will be suspended.his or her license will be suspended.",his or her license will be suspended.
"If you are at least 18 years old and you just obtained a California instruction permit, when will you be eligible to take the behind-the-wheel driving test for a driver license?

After six months

Immediately

After three monthsImmediately",Immediately
"A California driver under the age of 21 who is found to have a blood alcohol concentration (BAC) of 0.01% or higher will have his or her license suspended for

90 days.

1 year.

6 months.1 year.",1 year.
"Where there is no bicycle lane, on what portion of the road must a bicyclist ride?

In the middle of the lane

Bicyclists cannot ride on roads where there is no bicycle lane

Ride as close to the right curb as possible

Left curb or edge of the road facing trafficRide as close to the right curb as possible",Ride as close to the right curb as possible
"The speed limit at a railroad crossing where you cannot see for 400 feet down the tracks in both directions is:

15 mph.

None of the listed answers are correct.

30 mph.

40 mph.

25 mph.25 mph.",25 mph.
"What is true about large trucks?

They have smaller blind spots than most passenger vehicles

All answers are correct

They take longer to stop than a car traveling at the same speed

When turning, the rear wheels follow a longer path than the front wheelsThey take longer to stop than a car traveling at the same speed",They take longer to stop than a car traveling at the same speed
"In most situations, you should pass another vehicle that is going in the same direction:

None of them

On the right

Either side is fine

On the leftOn the left",On the left
"If a tire blows out:

Apply heavy braking

Concentrate on steering

Keep the foot on the brake and steer to the right

Use your horn to warn other vehiclesConcentrate on steering",Concentrate on steering
"When approaching a yield sign:

You are required to come to a full stop

You must slow down and be prepared to stop

Pedestrians must yield to you

Oncoming traffic must yield to youYou must slow down and be prepared to stop",You must slow down and be prepared to stop
"When you have the right of way you should:

Stop for 3 seconds then proceed

Sound you horn then proceed

Proceed carefully

Wait until everyone has gone to avoid an accidentProceed carefully",Proceed carefully
"The safest way to enter the flow of traffic on a highway with a very short entrance lane is to:

Use the left lane of the highway to get up to cruising speed

Drive slowly and be prepared to stop for freeway traffic

Wait for a large gap in traffic then speed up quickly

Slow down, and then enter the freeway at a sharp angleWait for a large gap in traffic then speed up quickly",Wait for a large gap in traffic then speed up quickly
"When backing up:

Back up slowly

Look over your left shoulder when backing

Sound your horn while backing up

Using your mirrors is sufficient to back up safelyBack up slowly",Back up slowly
"When you have three lanes of traffic all going in the same direction which lane is best for passing?

The far right lane

None of them

The center lane

The far left laneThe far left lane",The far left lane
"If the light turns red when you are in the middle of an intersection about to turn left, you should:

stop until the light changes to green

Back out of the intersection, if possible

Complete the turn when traffic clearsComplete the turn when traffic clears",Complete the turn when traffic clears
"You are making a left turn from a two-way street into a one-way street. When you have completed the turn your car should be:

In the right lane of the street

In the center of the street

In the left lane of the streetIn the left lane of the street",In the left lane of the street
"If a California driver under the age of 21 is convicted of keeping alcoholic beverages in his or her vehicle, the state of California may impound the driver's vehicle for up to
30 days.
60 days 
90 days30 days.",30 days.
"For an underage driver, a blood alcohol concentration (BAC) of _______ gives California authorities the legal right to arrest the individual for DUI.
0.00%
0.05%
0.01%0.05%",0.05%
"Large trucks turning right onto a street with two lanes in each direction:

May complete their turn in either the left or the right lane.

Must stay in the right lane at all times.

Allow other vehicles to pass them on the right.

Often have to use a portion of the left lane to complete the turn.Often have to use a portion of the left lane to complete the turn.",Often have to use a portion of the left lane to complete the turn.
"Large trucks are most likely to lose speed and cause a hazard:

On long, gradual curves.

Going up long steep hills.

Going down long, gradual hills.

When using an acceleration lane.Going up long steep hills.",Going up long steep hills.
"This sign indicates


Interstate 44 is ahead

The off-ramp leads to Route 44

The exit is 44 miles ahead

Go right to take Exit 44Go right to take Exit 44",Go right to take Exit 44
"An orange traffic sign marks:

A warning

Construction

Direction

Motorist servicesConstruction",Construction
"A green traffic sign marks what type of sign?

Guide 

regulatory

school 

warningGuide",Guide
"Dim your headlights for oncoming vehicles or when you are within 300 feet of a vehicle:
 
That you are approaching from behind.

Approaching you from behind.

That you have already passed.That you are approaching from behind.",That you are approaching from behind.
"When you see this sign, you:
california railroad crossing road sign 

Are approaching a railroad crossing and should prepare to stop

Will always stop at the upcoming railroad crossing.

Should stop and wait for a signal before crossing the railroad tracks.Are approaching a railroad crossing and should prepare to stop",Are approaching a railroad crossing and should prepare to stop
"When driving in work zones, you should:
 
Increase your speed to get through the zone as quickly as possible.

Reduce your speed and be prepared to stop suddenly.

Maintain your normal speed the whole way through the zone.Reduce your speed and be prepared to stop suddenly.",Reduce your speed and be prepared to stop suddenly.
"If you are about to be hit from the rear, which of the following should you not do?
 
Release your seat belt.

Brace yourself.

Press your head against the head restraint.Release your seat belt.",Release your seat belt.
"You are driving in the far right lane of a four-lane freeway and notice thick broken white lines on the left side of your lane. You are driving in:
 
The carpool lane and must merge into the next lane.

A special lane for slow-moving vehicles.

An exit lane.An exit lane.",An exit lane.
"You see a flashing yellow traffic signal at an upcoming intersection. The flashing yellow light means:
 
Stop before entering the intersection, as long as you can do so safely.

Stop. Yield to all cross traffic before crossing the intersection.

Slow down and cross the intersection carefully.Slow down and cross the intersection carefully.",Slow down and cross the intersection carefully.
"Which of these vehicles must always stop before crossing railroad tracks?
 
Tank trucks marked with hazardous materials placards.

Motor homes or pickup trucks towing a boat trailer.

Any vehicle with three or more axles and weighing more than 4,000 pounds.Tank trucks marked with hazardous materials placards.",Tank trucks marked with hazardous materials placards.
"Water on the road can cause a vehicle to hydroplane. Your car may hydroplane at speeds as low as:
 
45 miles per hour.

35 miles per hour.

40 miles per hour.35 miles per hour.",35 miles per hour.
"When entering the interstate, check for a gap in traffic in the nearest lane, adjust your speed to match traffic, signal, and:
 
Expect traffic to allow you to proceed into the lane, since you have the right-of-way.

Merge carefully into the gap.

Wait for the lane to clear before merging.Merge carefully into the gap.",Merge carefully into the gap.
"When using a roundabout, drivers should:
 
Stop in the middle of the roundabout.

Yield to traffic already in the roundabout.

Yield to entering traffic.Yield to traffic already in the roundabout.",Yield to traffic already in the roundabout.
"Extra space in front of a large truck is needed for:
 
Other drivers to merge onto the freeway.

The truck driver to stop the vehicle.

Other drivers when they want to slow down.The truck driver to stop the vehicle.",The truck driver to stop the vehicle.
"If you are being followed too closely on a two-lane road:
 
Reduce your speed slowly to encourage the tailgater to drive around you.

Speed up to increase the distance between you and the other car.

Apply your brakes to slow down, then resume your original speed.Reduce your speed slowly to encourage the tailgater to drive around you.",Reduce your speed slowly to encourage the tailgater to drive around you.
"A flashing yellow traffic signal at an intersection means:
 
You should treat the signal like a stop sign.

Stop. Yield to all cross traffic before crossing in the intersection.

Slow down and be alert at the upcoming intersection.Slow down and be alert at the upcoming intersection.",Slow down and be alert at the upcoming intersection.
"You want to turn left at an upcoming corner. Yield the right-of-way to:
 
Oncoming vehicles also turning left.

All approaching vehicles.

Pedestrians on the sidewalk waiting for a ""Walk"" signal.All approaching vehicles",All approaching vehicles
"When parking uphill on a two-way street with no curb, your front wheels should be:
 
Turned to the left (toward the street).

Turned to the right (away from the street).

Parallel with the pavement.Turned to the right (away from the street).",Turned to the right (away from the street).
"The vertical rectangular traffic sign typically gives

a route number

a warning about the condition of the road

instructions to the driver

directions to the driver to stopinstructions to the driver",instructions to the driver
"Two or more DUI convictions in the state of California may result in up to ___ years of license revocation.

5 

3 

25",5
"On a two-lane undivided highway, the maximum speed limit for vehicles towing trailers is ________ mph unless otherwise posted.

55

60

6555",55
